System,Option,FromFile,Preset,Video,EncodingTime,EncodingBitrate,FPS
baseline,BASELINE,nofile,ultrafast,measures/in/original_01.mkv,0.2119,1879.26,1436.18
baseline,BASELINE,nofile,superfast,measures/in/original_01.mkv,0.4840,1882.26,657.90
baseline,BASELINE,nofile,veryfast,measures/in/original_01.mkv,0.6913,1185.49,378.40
baseline,BASELINE,nofile,faster,measures/in/original_01.mkv,0.8034,1195.93,295.11
baseline,BASELINE,nofile,fast,measures/in/original_01.mkv,1.0542,1178.70,220.24
baseline,BASELINE,nofile,medium,measures/in/original_01.mkv,1.4591,1179.18,172.62
baseline,BASELINE,nofile,slow,measures/in/original_01.mkv,2.3204,1195.73,76.94
baseline,BASELINE,nofile,slower,measures/in/original_01.mkv,3.4668,577.72,62.36
baseline,BASELINE,nofile,veryslow,measures/in/original_01.mkv,6.9411,796.79,30.86
baseline,BASELINE,nofile,placebo,measures/in/original_01.mkv,20.1822,356.13,10.42
baseline,BASELINE,nofile,ultrafast,measures/in/original_04.mkv,0.2503,1113.00,2606.90
baseline,BASELINE,nofile,superfast,measures/in/original_04.mkv,0.3467,577.76,1845.65
baseline,BASELINE,nofile,veryfast,measures/in/original_04.mkv,0.4553,215.62,1465.44
baseline,BASELINE,nofile,faster,measures/in/original_04.mkv,0.6023,257.18,926.45
baseline,BASELINE,nofile,fast,measures/in/original_04.mkv,0.8434,285.09,700.95
baseline,BASELINE,nofile,medium,measures/in/original_04.mkv,1.1599,292.54,499.05
baseline,BASELINE,nofile,slow,measures/in/original_04.mkv,1.6168,294.94,335.19
baseline,BASELINE,nofile,slower,measures/in/original_04.mkv,2.5234,292.84,215.20
baseline,BASELINE,nofile,veryslow,measures/in/original_04.mkv,4.6659,275.76,114.40
baseline,BASELINE,nofile,placebo,measures/in/original_04.mkv,20.5198,285.72,24.43
baseline,BASELINE,nofile,ultrafast,measures/in/original_07.mkv,0.2992,1139.78,2468.14
baseline,BASELINE,nofile,superfast,measures/in/original_07.mkv,0.4613,664.53,1673.51
baseline,BASELINE,nofile,veryfast,measures/in/original_07.mkv,0.6617,323.88,1055.99
baseline,BASELINE,nofile,faster,measures/in/original_07.mkv,0.9821,357.80,701.05
baseline,BASELINE,nofile,fast,measures/in/original_07.mkv,1.2728,381.23,516.98
baseline,BASELINE,nofile,medium,measures/in/original_07.mkv,1.5273,373.51,432.01
baseline,BASELINE,nofile,slow,measures/in/original_07.mkv,2.1756,369.05,289.84
baseline,BASELINE,nofile,slower,measures/in/original_07.mkv,3.7815,364.79,151.11
baseline,BASELINE,nofile,veryslow,measures/in/original_07.mkv,7.9193,344.72,71.14
baseline,BASELINE,nofile,placebo,measures/in/original_07.mkv,38.6344,354.53,15.14
baseline,BASELINE,nofile,ultrafast,measures/in/original_03.mkv,0.3138,3920.98,2112.44
baseline,BASELINE,nofile,superfast,measures/in/original_03.mkv,0.6068,2279.32,971.88
baseline,BASELINE,nofile,veryfast,measures/in/original_03.mkv,1.0742,2410.79,509.88
baseline,BASELINE,nofile,faster,measures/in/original_03.mkv,1.5887,2465.54,325.18
baseline,BASELINE,nofile,fast,measures/in/original_03.mkv,2.2615,2478.86,226.29
baseline,BASELINE,nofile,medium,measures/in/original_03.mkv,2.7985,2460.31,180.66
baseline,BASELINE,nofile,slow,measures/in/original_03.mkv,5.3394,2454.72,94.14
baseline,BASELINE,nofile,slower,measures/in/original_03.mkv,10.8229,2445.12,46.54
baseline,BASELINE,nofile,veryslow,measures/in/original_03.mkv,19.4574,2323.47,23.72
baseline,BASELINE,nofile,placebo,measures/in/original_03.mkv,59.0577,2326.55,8.19
baseline,BASELINE,nofile,ultrafast,measures/in/original_05.mkv,0.3067,2217.21,2055.97
baseline,BASELINE,nofile,superfast,measures/in/original_05.mkv,0.5769,1452.48,1034.71
baseline,BASELINE,nofile,veryfast,measures/in/original_05.mkv,1.0627,1178.82,536.49
baseline,BASELINE,nofile,faster,measures/in/original_05.mkv,1.3976,1221.03,396.48
baseline,BASELINE,nofile,fast,measures/in/original_05.mkv,1.8849,1239.66,286.50
baseline,BASELINE,nofile,medium,measures/in/original_05.mkv,2.3210,1197.77,225.39
baseline,BASELINE,nofile,slow,measures/in/original_05.mkv,3.5326,1186.29,152.31
baseline,BASELINE,nofile,slower,measures/in/original_05.mkv,6.4872,1170.67,79.44
baseline,BASELINE,nofile,veryslow,measures/in/original_05.mkv,12.7373,1123.99,40.75
baseline,BASELINE,nofile,placebo,measures/in/original_05.mkv,38.7159,1131.56,12.51
baseline,BASELINE,nofile,ultrafast,measures/in/original_02.mkv,0.2678,698.97,3020.98
baseline,BASELINE,nofile,superfast,measures/in/original_02.mkv,0.4482,511.41,1872.38
baseline,BASELINE,nofile,veryfast,measures/in/original_02.mkv,0.6404,262.90,1129.34
baseline,BASELINE,nofile,faster,measures/in/original_02.mkv,0.9305,309.50,719.64
baseline,BASELINE,nofile,fast,measures/in/original_02.mkv,1.2893,347.19,509.85
baseline,BASELINE,nofile,medium,measures/in/original_02.mkv,1.5869,318.83,408.66
baseline,BASELINE,nofile,slow,measures/in/original_02.mkv,2.2140,302.13,283.56
baseline,BASELINE,nofile,slower,measures/in/original_02.mkv,3.5329,307.46,176.24
baseline,BASELINE,nofile,veryslow,measures/in/original_02.mkv,7.5567,274.33,81.53
baseline,BASELINE,nofile,placebo,measures/in/original_02.mkv,22.9475,282.93,24.57
baseline,BASELINE,nofile,ultrafast,measures/in/original_06.mkv,0.1331,416.18,2372.15
baseline,BASELINE,nofile,superfast,measures/in/original_06.mkv,0.1451,140.00,1773.63
baseline,BASELINE,nofile,veryfast,measures/in/original_06.mkv,0.1521,50.17,1549.65
baseline,BASELINE,nofile,faster,measures/in/original_06.mkv,0.1902,71.18,1034.88
baseline,BASELINE,nofile,fast,measures/in/original_06.mkv,0.2264,80.21,819.10
baseline,BASELINE,nofile,medium,measures/in/original_06.mkv,0.2653,86.74,594.72
baseline,BASELINE,nofile,slow,measures/in/original_06.mkv,0.3725,87.63,419.33
baseline,BASELINE,nofile,slower,measures/in/original_06.mkv,0.4769,81.69,309.13
baseline,BASELINE,nofile,veryslow,measures/in/original_06.mkv,0.8560,69.89,161.43
baseline,BASELINE,nofile,placebo,measures/in/original_06.mkv,3.1154,71.20,38.09
baseline,BASELINE,nofile,ultrafast,measures/in/original_08.mkv,0.4016,3016.81,1549.37
baseline,BASELINE,nofile,superfast,measures/in/original_08.mkv,0.7598,1825.88,796.54
baseline,BASELINE,nofile,veryfast,measures/in/original_08.mkv,1.2303,1613.72,463.01
baseline,BASELINE,nofile,faster,measures/in/original_08.mkv,1.7180,1686.97,332.35
baseline,BASELINE,nofile,fast,measures/in/original_08.mkv,2.3524,1585.01,228.98
baseline,BASELINE,nofile,medium,measures/in/original_08.mkv,2.8538,1574.94,192.50
baseline,BASELINE,nofile,slow,measures/in/original_08.mkv,4.4693,1535.36,113.24
baseline,BASELINE,nofile,slower,measures/in/original_08.mkv,8.6509,1564.86,57.81
baseline,BASELINE,nofile,veryslow,measures/in/original_08.mkv,16.9339,1535.08,29.87
baseline,BASELINE,nofile,placebo,measures/in/original_08.mkv,74.3606,1485.87,6.70
specialized,"['PSY_NO', 'MIXED_REFS_YES', 'CABAC_YES', 'MBTREE_YES', 'WEIGHTB_YES']",ultrafast,ultrafast,measures/in/original_01.mkv,0.2485,1879.26,1372.99
specialized,"['PSY_NO', 'MIXED_REFS_YES', 'CABAC_YES', 'MBTREE_YES', 'WEIGHTB_YES']",ultrafast,ultrafast,measures/in/original_04.mkv,0.2773,1113.00,2413.96
specialized,"['PSY_NO', 'MIXED_REFS_YES', 'CABAC_YES', 'MBTREE_YES', 'WEIGHTB_YES']",ultrafast,ultrafast,measures/in/original_07.mkv,0.3256,1139.78,2423.15
specialized,"['PSY_NO', 'MIXED_REFS_YES', 'CABAC_YES', 'MBTREE_YES', 'WEIGHTB_YES']",ultrafast,ultrafast,measures/in/original_03.mkv,0.3808,3920.98,1739.90
specialized,"['PSY_NO', 'MIXED_REFS_YES', 'CABAC_YES', 'MBTREE_YES', 'WEIGHTB_YES']",ultrafast,ultrafast,measures/in/original_05.mkv,0.3319,2217.21,2230.61
specialized,"['PSY_NO', 'MIXED_REFS_YES', 'CABAC_YES', 'MBTREE_YES', 'WEIGHTB_YES']",ultrafast,ultrafast,measures/in/original_02.mkv,0.2742,698.97,3247.12
specialized,"['PSY_NO', 'MIXED_REFS_YES', 'CABAC_YES', 'MBTREE_YES', 'WEIGHTB_YES']",ultrafast,ultrafast,measures/in/original_06.mkv,0.1238,416.18,2251.36
specialized,"['PSY_NO', 'MIXED_REFS_YES', 'CABAC_YES', 'MBTREE_YES', 'WEIGHTB_YES']",ultrafast,ultrafast,measures/in/original_08.mkv,0.3630,3016.81,1754.49
specialized,"['CABAC_NO', 'MBTREE_NO', 'WEIGHTB_NO', 'PSY_NO', 'MIXED_REFS_YES']",veryfast,veryfast,measures/in/original_01.mkv,0.5644,1000.18,428.36
specialized,"['CABAC_NO', 'MBTREE_NO', 'WEIGHTB_NO', 'PSY_NO', 'MIXED_REFS_YES']",veryfast,veryfast,measures/in/original_04.mkv,0.4854,157.25,1512.35
specialized,"['CABAC_NO', 'MBTREE_NO', 'WEIGHTB_NO', 'PSY_NO', 'MIXED_REFS_YES']",veryfast,veryfast,measures/in/original_07.mkv,0.6608,261.15,1095.65
specialized,"['CABAC_NO', 'MBTREE_NO', 'WEIGHTB_NO', 'PSY_NO', 'MIXED_REFS_YES']",veryfast,veryfast,measures/in/original_03.mkv,1.0135,3030.37,519.97
specialized,"['CABAC_NO', 'MBTREE_NO', 'WEIGHTB_NO', 'PSY_NO', 'MIXED_REFS_YES']",veryfast,veryfast,measures/in/original_05.mkv,0.9276,1154.41,602.94
specialized,"['CABAC_NO', 'MBTREE_NO', 'WEIGHTB_NO', 'PSY_NO', 'MIXED_REFS_YES']",veryfast,veryfast,measures/in/original_02.mkv,0.5531,142.70,1325.82
specialized,"['CABAC_NO', 'MBTREE_NO', 'WEIGHTB_NO', 'PSY_NO', 'MIXED_REFS_YES']",veryfast,veryfast,measures/in/original_06.mkv,0.1567,44.67,1633.92
specialized,"['CABAC_NO', 'MBTREE_NO', 'WEIGHTB_NO', 'PSY_NO', 'MIXED_REFS_YES']",veryfast,veryfast,measures/in/original_08.mkv,0.9902,1716.46,543.18
specialized,['MBTREE_YES'],mbtreeyes,ultrafast,measures/in/original_01.mkv,0.2276,1879.26,1452.51
specialized,['MBTREE_YES'],mbtreeyes,ultrafast,measures/in/original_04.mkv,0.2918,1113.00,2571.30
specialized,['MBTREE_YES'],mbtreeyes,ultrafast,measures/in/original_07.mkv,0.3179,1139.78,2771.89
specialized,['MBTREE_YES'],mbtreeyes,ultrafast,measures/in/original_03.mkv,0.3122,3920.98,2074.23
specialized,['MBTREE_YES'],mbtreeyes,ultrafast,measures/in/original_05.mkv,0.3134,2217.21,2414.60
specialized,['MBTREE_YES'],mbtreeyes,ultrafast,measures/in/original_02.mkv,0.2633,698.97,3389.08
specialized,['MBTREE_YES'],mbtreeyes,ultrafast,measures/in/original_06.mkv,0.1359,416.18,2195.79
specialized,['MBTREE_YES'],mbtreeyes,ultrafast,measures/in/original_08.mkv,0.3563,3016.81,1935.53
specialized,['MBTREE_YES'],mbtreeyes,superfast,measures/in/original_01.mkv,0.4222,1882.26,624.47
specialized,['MBTREE_YES'],mbtreeyes,superfast,measures/in/original_04.mkv,0.3513,577.76,1825.83
specialized,['MBTREE_YES'],mbtreeyes,superfast,measures/in/original_07.mkv,0.4574,664.53,1585.76
specialized,['MBTREE_YES'],mbtreeyes,superfast,measures/in/original_03.mkv,0.6002,2279.32,930.79
specialized,['MBTREE_YES'],mbtreeyes,superfast,measures/in/original_05.mkv,0.5805,1452.48,1053.66
specialized,['MBTREE_YES'],mbtreeyes,superfast,measures/in/original_02.mkv,0.4271,511.41,1775.41
specialized,['MBTREE_YES'],mbtreeyes,superfast,measures/in/original_06.mkv,0.1510,140.00,1772.60
specialized,['MBTREE_YES'],mbtreeyes,superfast,measures/in/original_08.mkv,0.6625,1825.88,863.18
specialized,"['MIXED_REFS_NO', 'CABAC_NO', 'MBTREE_NO', 'WEIGHTB_NO', 'PSY_NO']",medium,medium,measures/in/original_01.mkv,1.1237,1021.28,164.63
specialized,"['MIXED_REFS_NO', 'CABAC_NO', 'MBTREE_NO', 'WEIGHTB_NO', 'PSY_NO']",medium,medium,measures/in/original_04.mkv,0.9047,157.49,615.29
specialized,"['MIXED_REFS_NO', 'CABAC_NO', 'MBTREE_NO', 'WEIGHTB_NO', 'PSY_NO']",medium,medium,measures/in/original_07.mkv,1.3662,271.20,478.86
specialized,"['MIXED_REFS_NO', 'CABAC_NO', 'MBTREE_NO', 'WEIGHTB_NO', 'PSY_NO']",medium,medium,measures/in/original_03.mkv,2.6621,3056.34,185.67
specialized,"['MIXED_REFS_NO', 'CABAC_NO', 'MBTREE_NO', 'WEIGHTB_NO', 'PSY_NO']",medium,medium,measures/in/original_05.mkv,2.1084,1158.20,249.41
specialized,"['MIXED_REFS_NO', 'CABAC_NO', 'MBTREE_NO', 'WEIGHTB_NO', 'PSY_NO']",medium,medium,measures/in/original_02.mkv,1.1494,167.45,566.08
specialized,"['MIXED_REFS_NO', 'CABAC_NO', 'MBTREE_NO', 'WEIGHTB_NO', 'PSY_NO']",medium,medium,measures/in/original_06.mkv,0.2608,50.85,685.37
specialized,"['MIXED_REFS_NO', 'CABAC_NO', 'MBTREE_NO', 'WEIGHTB_NO', 'PSY_NO']",medium,medium,measures/in/original_08.mkv,2.5603,1567.52,204.47
specialized,"['MIXED_REFS_NO', 'CABAC_NO', 'MBTREE_NO', 'WEIGHTB_NO', 'PSY_NO']",veryslow,veryslow,measures/in/original_01.mkv,5.4499,699.82,40.44
specialized,"['MIXED_REFS_NO', 'CABAC_NO', 'MBTREE_NO', 'WEIGHTB_NO', 'PSY_NO']",veryslow,veryslow,measures/in/original_04.mkv,3.8340,141.07,133.22
specialized,"['MIXED_REFS_NO', 'CABAC_NO', 'MBTREE_NO', 'WEIGHTB_NO', 'PSY_NO']",veryslow,veryslow,measures/in/original_07.mkv,7.1627,256.53,83.76
specialized,"['MIXED_REFS_NO', 'CABAC_NO', 'MBTREE_NO', 'WEIGHTB_NO', 'PSY_NO']",veryslow,veryslow,measures/in/original_03.mkv,21.5900,2993.59,24.19
specialized,"['MIXED_REFS_NO', 'CABAC_NO', 'MBTREE_NO', 'WEIGHTB_NO', 'PSY_NO']",veryslow,veryslow,measures/in/original_05.mkv,12.9758,1107.48,39.99
specialized,"['MIXED_REFS_NO', 'CABAC_NO', 'MBTREE_NO', 'WEIGHTB_NO', 'PSY_NO']",veryslow,veryslow,measures/in/original_02.mkv,5.8376,157.07,108.31
specialized,"['MIXED_REFS_NO', 'CABAC_NO', 'MBTREE_NO', 'WEIGHTB_NO', 'PSY_NO']",veryslow,veryslow,measures/in/original_06.mkv,0.7851,47.38,170.14
specialized,"['MIXED_REFS_NO', 'CABAC_NO', 'MBTREE_NO', 'WEIGHTB_NO', 'PSY_NO']",veryslow,veryslow,measures/in/original_08.mkv,16.2311,1591.20,31.29
specialized,['CABAC_NO'],cabacno,superfast,measures/in/original_01.mkv,0.4860,1882.26,576.87
specialized,['CABAC_NO'],cabacno,superfast,measures/in/original_04.mkv,0.3705,577.76,1860.57
specialized,['CABAC_NO'],cabacno,superfast,measures/in/original_07.mkv,0.4563,664.53,1645.02
specialized,['CABAC_NO'],cabacno,superfast,measures/in/original_03.mkv,0.5499,2279.32,1021.25
specialized,['CABAC_NO'],cabacno,superfast,measures/in/original_05.mkv,0.5189,1452.48,1149.68
specialized,['CABAC_NO'],cabacno,superfast,measures/in/original_02.mkv,0.3948,511.41,1891.66
specialized,['CABAC_NO'],cabacno,superfast,measures/in/original_06.mkv,0.1474,140.00,1758.22
specialized,['CABAC_NO'],cabacno,superfast,measures/in/original_08.mkv,0.6327,1825.88,821.38
specialized,['CABAC_NO'],cabacno,veryfast,measures/in/original_01.mkv,0.7170,1185.49,320.81
specialized,['CABAC_NO'],cabacno,veryfast,measures/in/original_04.mkv,0.4521,215.62,1244.52
specialized,['CABAC_NO'],cabacno,veryfast,measures/in/original_07.mkv,0.6938,323.88,1042.24
specialized,['CABAC_NO'],cabacno,veryfast,measures/in/original_03.mkv,1.0545,2410.79,498.33
specialized,['CABAC_NO'],cabacno,veryfast,measures/in/original_05.mkv,1.0233,1178.82,551.18
specialized,['CABAC_NO'],cabacno,veryfast,measures/in/original_02.mkv,0.6213,262.90,1139.67
specialized,['CABAC_NO'],cabacno,veryfast,measures/in/original_06.mkv,0.1670,50.17,1506.08
specialized,['CABAC_NO'],cabacno,veryfast,measures/in/original_08.mkv,1.0740,1613.72,504.21
specialized,['CABAC_NO'],cabacno,faster,measures/in/original_01.mkv,0.9216,1195.93,250.83
specialized,['CABAC_NO'],cabacno,faster,measures/in/original_04.mkv,0.6460,257.18,897.11
specialized,['CABAC_NO'],cabacno,faster,measures/in/original_07.mkv,0.9905,357.80,686.98
specialized,['CABAC_NO'],cabacno,faster,measures/in/original_03.mkv,1.5902,2465.54,320.36
specialized,['CABAC_NO'],cabacno,faster,measures/in/original_05.mkv,1.3611,1221.03,396.01
specialized,['CABAC_NO'],cabacno,faster,measures/in/original_02.mkv,0.9032,309.50,732.87
specialized,['CABAC_NO'],cabacno,faster,measures/in/original_06.mkv,0.2088,71.18,1050.83
specialized,['CABAC_NO'],cabacno,faster,measures/in/original_08.mkv,1.5388,1686.97,333.51
specialized,['CABAC_NO'],cabacno,fast,measures/in/original_01.mkv,1.4292,1178.70,168.85
specialized,['CABAC_NO'],cabacno,fast,measures/in/original_04.mkv,0.8587,285.09,656.21
specialized,['CABAC_NO'],cabacno,fast,measures/in/original_07.mkv,1.3298,381.23,500.75
specialized,['CABAC_NO'],cabacno,fast,measures/in/original_03.mkv,2.2326,2478.86,225.65
specialized,['CABAC_NO'],cabacno,fast,measures/in/original_05.mkv,1.8246,1239.66,280.80
specialized,['CABAC_NO'],cabacno,fast,measures/in/original_02.mkv,1.2509,347.19,522.86
specialized,['CABAC_NO'],cabacno,fast,measures/in/original_06.mkv,0.2379,80.21,799.46
specialized,['CABAC_NO'],cabacno,fast,measures/in/original_08.mkv,2.2358,1585.01,227.43
specialized,['CABAC_NO'],cabacno,medium,measures/in/original_01.mkv,1.6744,1179.18,128.74
specialized,['CABAC_NO'],cabacno,medium,measures/in/original_04.mkv,1.1834,292.54,466.36
specialized,['CABAC_NO'],cabacno,medium,measures/in/original_07.mkv,1.6254,373.51,425.51
specialized,['CABAC_NO'],cabacno,medium,measures/in/original_03.mkv,2.6932,2460.31,183.93
specialized,['CABAC_NO'],cabacno,medium,measures/in/original_05.mkv,2.2957,1197.77,235.42
specialized,['CABAC_NO'],cabacno,medium,measures/in/original_02.mkv,1.4916,318.83,411.13
specialized,['CABAC_NO'],cabacno,medium,measures/in/original_06.mkv,0.2920,86.74,610.42
specialized,['CABAC_NO'],cabacno,medium,measures/in/original_08.mkv,2.8693,1574.94,181.06
specialized,['CABAC_NO'],cabacno,slow,measures/in/original_01.mkv,2.9852,1195.73,72.99
specialized,['CABAC_NO'],cabacno,slow,measures/in/original_04.mkv,1.6559,294.94,313.19
specialized,['CABAC_NO'],cabacno,slow,measures/in/original_07.mkv,2.2924,369.05,278.17
specialized,['CABAC_NO'],cabacno,slow,measures/in/original_03.mkv,5.1327,2454.72,96.85
specialized,['CABAC_NO'],cabacno,slow,measures/in/original_05.mkv,3.3508,1186.29,154.52
specialized,['CABAC_NO'],cabacno,slow,measures/in/original_02.mkv,2.1091,302.13,288.47
specialized,['CABAC_NO'],cabacno,slow,measures/in/original_06.mkv,0.3972,87.63,407.74
specialized,['CABAC_NO'],cabacno,slow,measures/in/original_08.mkv,4.6668,1535.36,106.51
specialized,['CABAC_NO'],cabacno,slower,measures/in/original_01.mkv,3.6999,577.72,54.32
specialized,['CABAC_NO'],cabacno,slower,measures/in/original_04.mkv,2.7635,292.84,192.63
specialized,['CABAC_NO'],cabacno,slower,measures/in/original_07.mkv,4.1479,364.79,163.21
specialized,['CABAC_NO'],cabacno,slower,measures/in/original_03.mkv,10.1513,2445.12,45.39
specialized,['CABAC_NO'],cabacno,slower,measures/in/original_05.mkv,6.7371,1170.67,83.59
specialized,['CABAC_NO'],cabacno,slower,measures/in/original_02.mkv,3.4639,307.46,177.19
specialized,['CABAC_NO'],cabacno,slower,measures/in/original_06.mkv,0.4831,81.69,310.90
specialized,['CABAC_NO'],cabacno,slower,measures/in/original_08.mkv,8.4820,1564.86,52.98
specialized,['CABAC_NO'],cabacno,veryslow,measures/in/original_01.mkv,7.6505,796.79,30.45
specialized,['CABAC_NO'],cabacno,veryslow,measures/in/original_04.mkv,4.8179,275.76,113.21
specialized,['CABAC_NO'],cabacno,veryslow,measures/in/original_07.mkv,8.2917,344.72,69.68
specialized,['CABAC_NO'],cabacno,veryslow,measures/in/original_03.mkv,20.6477,2323.47,22.76
specialized,['CABAC_NO'],cabacno,veryslow,measures/in/original_05.mkv,13.0770,1123.99,40.09
specialized,['CABAC_NO'],cabacno,veryslow,measures/in/original_02.mkv,7.3781,274.33,85.15
specialized,['CABAC_NO'],cabacno,veryslow,measures/in/original_06.mkv,0.8643,69.89,159.10
specialized,['CABAC_NO'],cabacno,veryslow,measures/in/original_08.mkv,17.3262,1535.08,30.14
specialized,['CABAC_NO'],cabacno,placebo,measures/in/original_01.mkv,20.9437,356.13,10.16
specialized,['CABAC_NO'],cabacno,placebo,measures/in/original_04.mkv,20.5711,285.72,23.00
specialized,['CABAC_NO'],cabacno,placebo,measures/in/original_07.mkv,41.0818,354.53,14.95
specialized,['CABAC_NO'],cabacno,placebo,measures/in/original_03.mkv,58.5486,2326.55,8.05
specialized,['CABAC_NO'],cabacno,placebo,measures/in/original_05.mkv,38.9381,1131.56,12.67
specialized,['CABAC_NO'],cabacno,placebo,measures/in/original_02.mkv,24.6427,282.93,25.46
specialized,['CABAC_NO'],cabacno,placebo,measures/in/original_06.mkv,3.0473,71.20,41.50
specialized,['CABAC_NO'],cabacno,placebo,measures/in/original_08.mkv,73.0540,1485.87,6.72
specialized,['MBTREE_NO'],mbtreeno,veryfast,measures/in/original_01.mkv,0.6398,1000.18,402.58
specialized,['MBTREE_NO'],mbtreeno,veryfast,measures/in/original_04.mkv,0.4411,157.25,1465.72
specialized,['MBTREE_NO'],mbtreeno,veryfast,measures/in/original_07.mkv,0.6291,261.15,1123.40
specialized,['MBTREE_NO'],mbtreeno,veryfast,measures/in/original_03.mkv,1.0191,3030.37,523.89
specialized,['MBTREE_NO'],mbtreeno,veryfast,measures/in/original_05.mkv,0.9300,1154.41,600.95
specialized,['MBTREE_NO'],mbtreeno,veryfast,measures/in/original_02.mkv,0.5683,142.70,1295.88
specialized,['MBTREE_NO'],mbtreeno,veryfast,measures/in/original_06.mkv,0.1543,44.67,1461.33
specialized,['MBTREE_NO'],mbtreeno,veryfast,measures/in/original_08.mkv,0.9647,1716.46,545.24
specialized,['MBTREE_NO'],mbtreeno,faster,measures/in/original_01.mkv,0.7463,1021.50,320.33
specialized,['MBTREE_NO'],mbtreeno,faster,measures/in/original_04.mkv,0.6014,154.18,838.85
specialized,['MBTREE_NO'],mbtreeno,faster,measures/in/original_07.mkv,0.9252,265.77,752.88
specialized,['MBTREE_NO'],mbtreeno,faster,measures/in/original_03.mkv,1.6073,3063.35,319.40
specialized,['MBTREE_NO'],mbtreeno,faster,measures/in/original_05.mkv,1.3016,1172.60,416.24
specialized,['MBTREE_NO'],mbtreeno,faster,measures/in/original_02.mkv,0.7862,167.59,871.63
specialized,['MBTREE_NO'],mbtreeno,faster,measures/in/original_06.mkv,0.1959,48.59,1116.30
specialized,['MBTREE_NO'],mbtreeno,faster,measures/in/original_08.mkv,1.4241,1776.02,374.98
specialized,['MBTREE_NO'],mbtreeno,fast,measures/in/original_01.mkv,1.0259,1020.28,223.55
specialized,['MBTREE_NO'],mbtreeno,fast,measures/in/original_04.mkv,0.7125,154.10,809.16
specialized,['MBTREE_NO'],mbtreeno,fast,measures/in/original_07.mkv,1.1636,272.89,554.24
specialized,['MBTREE_NO'],mbtreeno,fast,measures/in/original_03.mkv,2.2038,3067.71,229.49
specialized,['MBTREE_NO'],mbtreeno,fast,measures/in/original_05.mkv,1.7519,1198.20,303.11
specialized,['MBTREE_NO'],mbtreeno,fast,measures/in/original_02.mkv,1.0162,178.76,657.12
specialized,['MBTREE_NO'],mbtreeno,fast,measures/in/original_06.mkv,0.2214,49.53,923.68
specialized,['MBTREE_NO'],mbtreeno,fast,measures/in/original_08.mkv,2.1050,1583.74,249.05
specialized,['MBTREE_NO'],mbtreeno,medium,measures/in/original_01.mkv,1.2950,1021.28,171.57
specialized,['MBTREE_NO'],mbtreeno,medium,measures/in/original_04.mkv,0.9380,157.49,591.77
specialized,['MBTREE_NO'],mbtreeno,medium,measures/in/original_07.mkv,1.4093,271.20,438.21
specialized,['MBTREE_NO'],mbtreeno,medium,measures/in/original_03.mkv,2.8017,3056.34,180.33
specialized,['MBTREE_NO'],mbtreeno,medium,measures/in/original_05.mkv,2.2666,1158.20,230.77
specialized,['MBTREE_NO'],mbtreeno,medium,measures/in/original_02.mkv,1.2094,167.45,536.47
specialized,['MBTREE_NO'],mbtreeno,medium,measures/in/original_06.mkv,0.2723,50.85,682.87
specialized,['MBTREE_NO'],mbtreeno,medium,measures/in/original_08.mkv,2.7059,1567.52,193.79
specialized,['MBTREE_NO'],mbtreeno,slow,measures/in/original_01.mkv,2.5863,1039.81,81.42
specialized,['MBTREE_NO'],mbtreeno,slow,measures/in/original_04.mkv,1.4095,152.03,379.70
specialized,['MBTREE_NO'],mbtreeno,slow,measures/in/original_07.mkv,1.9953,266.19,315.03
specialized,['MBTREE_NO'],mbtreeno,slow,measures/in/original_03.mkv,5.3773,3030.61,91.30
specialized,['MBTREE_NO'],mbtreeno,slow,measures/in/original_05.mkv,3.2972,1142.44,160.53
specialized,['MBTREE_NO'],mbtreeno,slow,measures/in/original_02.mkv,1.5112,158.55,425.40
specialized,['MBTREE_NO'],mbtreeno,slow,measures/in/original_06.mkv,0.3527,49.33,453.42
specialized,['MBTREE_NO'],mbtreeno,slow,measures/in/original_08.mkv,4.2624,1514.22,122.16
specialized,['MBTREE_NO'],mbtreeno,slower,measures/in/original_01.mkv,2.9915,396.18,67.68
specialized,['MBTREE_NO'],mbtreeno,slower,measures/in/original_04.mkv,2.3419,147.24,244.84
specialized,['MBTREE_NO'],mbtreeno,slower,measures/in/original_07.mkv,3.5256,264.25,168.72
specialized,['MBTREE_NO'],mbtreeno,slower,measures/in/original_03.mkv,11.0287,3014.67,46.51
specialized,['MBTREE_NO'],mbtreeno,slower,measures/in/original_05.mkv,5.9850,1128.34,85.58
specialized,['MBTREE_NO'],mbtreeno,slower,measures/in/original_02.mkv,2.6539,160.13,225.37
specialized,['MBTREE_NO'],mbtreeno,slower,measures/in/original_06.mkv,0.4659,48.86,317.60
specialized,['MBTREE_NO'],mbtreeno,slower,measures/in/original_08.mkv,8.9450,1571.40,55.97
specialized,['MBTREE_NO'],mbtreeno,veryslow,measures/in/original_01.mkv,5.7102,699.82,35.03
specialized,['MBTREE_NO'],mbtreeno,veryslow,measures/in/original_04.mkv,4.0721,141.07,123.32
specialized,['MBTREE_NO'],mbtreeno,veryslow,measures/in/original_07.mkv,7.6778,256.53,78.46
specialized,['MBTREE_NO'],mbtreeno,veryslow,measures/in/original_03.mkv,20.5293,2993.59,23.81
specialized,['MBTREE_NO'],mbtreeno,veryslow,measures/in/original_05.mkv,12.8128,1107.48,41.70
specialized,['MBTREE_NO'],mbtreeno,veryslow,measures/in/original_02.mkv,5.5605,157.07,106.39
specialized,['MBTREE_NO'],mbtreeno,veryslow,measures/in/original_06.mkv,0.7928,47.38,182.90
specialized,['MBTREE_NO'],mbtreeno,veryslow,measures/in/original_08.mkv,15.9014,1591.20,30.91
specialized,['MBTREE_NO'],mbtreeno,placebo,measures/in/original_01.mkv,18.7523,297.72,11.28
specialized,['MBTREE_NO'],mbtreeno,placebo,measures/in/original_04.mkv,18.9756,143.31,25.06
specialized,['MBTREE_NO'],mbtreeno,placebo,measures/in/original_07.mkv,35.3900,271.24,16.93
specialized,['MBTREE_NO'],mbtreeno,placebo,measures/in/original_03.mkv,59.7189,2999.03,7.92
specialized,['MBTREE_NO'],mbtreeno,placebo,measures/in/original_05.mkv,38.5687,1114.86,12.54
specialized,['MBTREE_NO'],mbtreeno,placebo,measures/in/original_02.mkv,18.2444,163.64,30.56
specialized,['MBTREE_NO'],mbtreeno,placebo,measures/in/original_06.mkv,2.8772,48.46,43.06
specialized,['MBTREE_NO'],mbtreeno,placebo,measures/in/original_08.mkv,70.0511,1412.73,7.01
specialized,"['MIXED_REFS_NO', 'CABAC_NO', 'MBTREE_NO', 'WEIGHTB_NO', 'PSY_NO']",slow,slow,measures/in/original_01.mkv,2.4788,1039.81,90.72
specialized,"['MIXED_REFS_NO', 'CABAC_NO', 'MBTREE_NO', 'WEIGHTB_NO', 'PSY_NO']",slow,slow,measures/in/original_04.mkv,1.2963,152.03,417.38
specialized,"['MIXED_REFS_NO', 'CABAC_NO', 'MBTREE_NO', 'WEIGHTB_NO', 'PSY_NO']",slow,slow,measures/in/original_07.mkv,1.8164,266.19,350.98
specialized,"['MIXED_REFS_NO', 'CABAC_NO', 'MBTREE_NO', 'WEIGHTB_NO', 'PSY_NO']",slow,slow,measures/in/original_03.mkv,5.0943,3030.61,92.61
specialized,"['MIXED_REFS_NO', 'CABAC_NO', 'MBTREE_NO', 'WEIGHTB_NO', 'PSY_NO']",slow,slow,measures/in/original_05.mkv,3.2834,1142.44,159.16
specialized,"['MIXED_REFS_NO', 'CABAC_NO', 'MBTREE_NO', 'WEIGHTB_NO', 'PSY_NO']",slow,slow,measures/in/original_02.mkv,1.5146,158.55,426.85
specialized,"['MIXED_REFS_NO', 'CABAC_NO', 'MBTREE_NO', 'WEIGHTB_NO', 'PSY_NO']",slow,slow,measures/in/original_06.mkv,0.3563,49.33,455.34
specialized,"['MIXED_REFS_NO', 'CABAC_NO', 'MBTREE_NO', 'WEIGHTB_NO', 'PSY_NO']",slow,slow,measures/in/original_08.mkv,4.2677,1514.22,121.23
specialized,['CABAC_YES'],cabacyes,ultrafast,measures/in/original_01.mkv,0.2357,1879.26,1379.92
specialized,['CABAC_YES'],cabacyes,ultrafast,measures/in/original_04.mkv,0.2937,1113.00,2584.31
specialized,['CABAC_YES'],cabacyes,ultrafast,measures/in/original_07.mkv,0.3292,1139.78,2625.63
specialized,['CABAC_YES'],cabacyes,ultrafast,measures/in/original_03.mkv,0.3085,3920.98,2221.74
specialized,['CABAC_YES'],cabacyes,ultrafast,measures/in/original_05.mkv,0.3302,2217.21,2463.35
specialized,['CABAC_YES'],cabacyes,ultrafast,measures/in/original_02.mkv,0.2533,698.97,3264.74
specialized,['CABAC_YES'],cabacyes,ultrafast,measures/in/original_06.mkv,0.1240,416.18,2504.43
specialized,['CABAC_YES'],cabacyes,ultrafast,measures/in/original_08.mkv,0.3970,3016.81,1985.01
specialized,['MIXED_REFS_NO'],mixedrefsno,fast,measures/in/original_01.mkv,1.2206,1178.70,157.71
specialized,['MIXED_REFS_NO'],mixedrefsno,fast,measures/in/original_04.mkv,0.8395,285.09,686.91
specialized,['MIXED_REFS_NO'],mixedrefsno,fast,measures/in/original_07.mkv,1.2649,381.23,510.77
specialized,['MIXED_REFS_NO'],mixedrefsno,fast,measures/in/original_03.mkv,2.1584,2478.86,225.48
specialized,['MIXED_REFS_NO'],mixedrefsno,fast,measures/in/original_05.mkv,1.7848,1239.66,296.18
specialized,['MIXED_REFS_NO'],mixedrefsno,fast,measures/in/original_02.mkv,1.2385,347.19,517.10
specialized,['MIXED_REFS_NO'],mixedrefsno,fast,measures/in/original_06.mkv,0.2396,80.21,817.71
specialized,['MIXED_REFS_NO'],mixedrefsno,fast,measures/in/original_08.mkv,2.2324,1585.01,241.50
specialized,['MIXED_REFS_NO'],mixedrefsno,medium,measures/in/original_01.mkv,1.6020,1179.18,140.70
specialized,['MIXED_REFS_NO'],mixedrefsno,medium,measures/in/original_04.mkv,1.0888,292.54,471.18
specialized,['MIXED_REFS_NO'],mixedrefsno,medium,measures/in/original_07.mkv,1.5579,373.51,417.65
specialized,['MIXED_REFS_NO'],mixedrefsno,medium,measures/in/original_03.mkv,2.8097,2460.31,176.67
specialized,['MIXED_REFS_NO'],mixedrefsno,medium,measures/in/original_05.mkv,2.2913,1197.77,217.87
specialized,['MIXED_REFS_NO'],mixedrefsno,medium,measures/in/original_02.mkv,1.6038,318.83,406.05
specialized,['MIXED_REFS_NO'],mixedrefsno,medium,measures/in/original_06.mkv,0.3007,86.74,599.15
specialized,['MIXED_REFS_NO'],mixedrefsno,medium,measures/in/original_08.mkv,2.8261,1574.94,184.91
specialized,['MIXED_REFS_NO'],mixedrefsno,slow,measures/in/original_01.mkv,3.0795,1195.73,70.95
specialized,['MIXED_REFS_NO'],mixedrefsno,slow,measures/in/original_04.mkv,1.7056,294.94,314.19
specialized,['MIXED_REFS_NO'],mixedrefsno,slow,measures/in/original_07.mkv,2.1763,369.05,288.26
specialized,['MIXED_REFS_NO'],mixedrefsno,slow,measures/in/original_03.mkv,5.0564,2454.72,93.06
specialized,['MIXED_REFS_NO'],mixedrefsno,slow,measures/in/original_05.mkv,3.4408,1186.29,142.20
specialized,['MIXED_REFS_NO'],mixedrefsno,slow,measures/in/original_02.mkv,2.2648,302.13,302.17
specialized,['MIXED_REFS_NO'],mixedrefsno,slow,measures/in/original_06.mkv,0.3804,87.63,418.00
specialized,['MIXED_REFS_NO'],mixedrefsno,slow,measures/in/original_08.mkv,4.4208,1535.36,114.23
specialized,['MIXED_REFS_NO'],mixedrefsno,slower,measures/in/original_01.mkv,3.8257,577.72,56.94
specialized,['MIXED_REFS_NO'],mixedrefsno,slower,measures/in/original_04.mkv,2.6114,292.84,195.06
specialized,['MIXED_REFS_NO'],mixedrefsno,slower,measures/in/original_07.mkv,3.9920,364.79,147.25
specialized,['MIXED_REFS_NO'],mixedrefsno,slower,measures/in/original_03.mkv,10.8347,2445.12,45.52
specialized,['MIXED_REFS_NO'],mixedrefsno,slower,measures/in/original_05.mkv,6.3830,1170.67,78.47
specialized,['MIXED_REFS_NO'],mixedrefsno,slower,measures/in/original_02.mkv,3.6335,307.46,161.30
specialized,['MIXED_REFS_NO'],mixedrefsno,slower,measures/in/original_06.mkv,0.5208,81.69,284.17
specialized,['MIXED_REFS_NO'],mixedrefsno,slower,measures/in/original_08.mkv,9.2176,1564.86,56.90
specialized,['MIXED_REFS_NO'],mixedrefsno,veryslow,measures/in/original_01.mkv,7.2046,796.79,29.81
specialized,['MIXED_REFS_NO'],mixedrefsno,veryslow,measures/in/original_04.mkv,4.5654,275.76,93.56
specialized,['MIXED_REFS_NO'],mixedrefsno,veryslow,measures/in/original_07.mkv,7.8962,344.72,74.91
specialized,['MIXED_REFS_NO'],mixedrefsno,veryslow,measures/in/original_03.mkv,20.4803,2323.47,24.09
specialized,['MIXED_REFS_NO'],mixedrefsno,veryslow,measures/in/original_05.mkv,13.4879,1123.99,37.87
specialized,['MIXED_REFS_NO'],mixedrefsno,veryslow,measures/in/original_02.mkv,7.2241,274.33,84.73
specialized,['MIXED_REFS_NO'],mixedrefsno,veryslow,measures/in/original_06.mkv,0.8520,69.89,157.16
specialized,['MIXED_REFS_NO'],mixedrefsno,veryslow,measures/in/original_08.mkv,17.0618,1535.08,28.92
specialized,['MIXED_REFS_NO'],mixedrefsno,placebo,measures/in/original_01.mkv,20.6435,356.13,10.06
specialized,['MIXED_REFS_NO'],mixedrefsno,placebo,measures/in/original_04.mkv,20.7409,285.72,23.92
specialized,['MIXED_REFS_NO'],mixedrefsno,placebo,measures/in/original_07.mkv,40.0502,354.53,14.87
specialized,['MIXED_REFS_NO'],mixedrefsno,placebo,measures/in/original_03.mkv,59.2615,2326.55,7.85
specialized,['MIXED_REFS_NO'],mixedrefsno,placebo,measures/in/original_05.mkv,39.1936,1131.56,12.34
specialized,['MIXED_REFS_NO'],mixedrefsno,placebo,measures/in/original_02.mkv,23.4013,282.93,25.11
specialized,['MIXED_REFS_NO'],mixedrefsno,placebo,measures/in/original_06.mkv,3.1169,71.20,40.26
specialized,['MIXED_REFS_NO'],mixedrefsno,placebo,measures/in/original_08.mkv,73.1749,1485.87,6.77
specialized,['MIXED_REFS_YES'],mixedrefsyes,ultrafast,measures/in/original_01.mkv,0.2467,1879.26,1404.22
specialized,['MIXED_REFS_YES'],mixedrefsyes,ultrafast,measures/in/original_04.mkv,0.2973,1113.00,2557.10
specialized,['MIXED_REFS_YES'],mixedrefsyes,ultrafast,measures/in/original_07.mkv,0.3244,1139.78,2629.38
specialized,['MIXED_REFS_YES'],mixedrefsyes,ultrafast,measures/in/original_03.mkv,0.3119,3920.98,1859.83
specialized,['MIXED_REFS_YES'],mixedrefsyes,ultrafast,measures/in/original_05.mkv,0.3793,2217.21,1850.65
specialized,['MIXED_REFS_YES'],mixedrefsyes,ultrafast,measures/in/original_02.mkv,0.3033,698.97,3359.80
specialized,['MIXED_REFS_YES'],mixedrefsyes,ultrafast,measures/in/original_06.mkv,0.1248,416.18,2472.49
specialized,['MIXED_REFS_YES'],mixedrefsyes,ultrafast,measures/in/original_08.mkv,0.3915,3016.81,1745.84
specialized,['MIXED_REFS_YES'],mixedrefsyes,superfast,measures/in/original_01.mkv,0.4526,1882.26,576.70
specialized,['MIXED_REFS_YES'],mixedrefsyes,superfast,measures/in/original_04.mkv,0.3735,577.76,1821.09
specialized,['MIXED_REFS_YES'],mixedrefsyes,superfast,measures/in/original_07.mkv,0.4679,664.53,1599.85
specialized,['MIXED_REFS_YES'],mixedrefsyes,superfast,measures/in/original_03.mkv,0.5957,2279.32,928.52
specialized,['MIXED_REFS_YES'],mixedrefsyes,superfast,measures/in/original_05.mkv,0.5790,1452.48,1047.20
specialized,['MIXED_REFS_YES'],mixedrefsyes,superfast,measures/in/original_02.mkv,0.4296,511.41,1792.89
specialized,['MIXED_REFS_YES'],mixedrefsyes,superfast,measures/in/original_06.mkv,0.1467,140.00,1801.53
specialized,['MIXED_REFS_YES'],mixedrefsyes,superfast,measures/in/original_08.mkv,0.6636,1825.88,833.36
specialized,['MIXED_REFS_YES'],mixedrefsyes,veryfast,measures/in/original_01.mkv,0.7441,1185.49,324.90
specialized,['MIXED_REFS_YES'],mixedrefsyes,veryfast,measures/in/original_04.mkv,0.4538,215.62,1402.63
specialized,['MIXED_REFS_YES'],mixedrefsyes,veryfast,measures/in/original_07.mkv,0.6846,323.88,1033.72
specialized,['MIXED_REFS_YES'],mixedrefsyes,veryfast,measures/in/original_03.mkv,1.0817,2410.79,483.40
specialized,['MIXED_REFS_YES'],mixedrefsyes,veryfast,measures/in/original_05.mkv,1.0058,1178.82,540.23
specialized,['MIXED_REFS_YES'],mixedrefsyes,veryfast,measures/in/original_02.mkv,0.6280,262.90,1122.71
specialized,['MIXED_REFS_YES'],mixedrefsyes,veryfast,measures/in/original_06.mkv,0.1612,50.17,1476.63
specialized,['MIXED_REFS_YES'],mixedrefsyes,veryfast,measures/in/original_08.mkv,1.1630,1613.72,498.08
specialized,['MIXED_REFS_YES'],mixedrefsyes,faster,measures/in/original_01.mkv,0.9526,1195.93,246.84
specialized,['MIXED_REFS_YES'],mixedrefsyes,faster,measures/in/original_04.mkv,0.6479,257.18,898.35
specialized,['MIXED_REFS_YES'],mixedrefsyes,faster,measures/in/original_07.mkv,0.9863,357.80,678.77
specialized,['MIXED_REFS_YES'],mixedrefsyes,faster,measures/in/original_03.mkv,1.6058,2465.54,310.27
specialized,['MIXED_REFS_YES'],mixedrefsyes,faster,measures/in/original_05.mkv,1.3879,1221.03,384.13
specialized,['MIXED_REFS_YES'],mixedrefsyes,faster,measures/in/original_02.mkv,0.9496,309.50,707.21
specialized,['MIXED_REFS_YES'],mixedrefsyes,faster,measures/in/original_06.mkv,0.2126,71.18,1020.58
specialized,['MIXED_REFS_YES'],mixedrefsyes,faster,measures/in/original_08.mkv,1.5836,1686.97,332.62
specialized,['WEIGHTB_YES'],weightbyes,ultrafast,measures/in/original_01.mkv,0.2380,1879.26,1295.48
specialized,['WEIGHTB_YES'],weightbyes,ultrafast,measures/in/original_04.mkv,0.2912,1113.00,2627.84
specialized,['WEIGHTB_YES'],weightbyes,ultrafast,measures/in/original_07.mkv,0.3251,1139.78,2739.63
specialized,['WEIGHTB_YES'],weightbyes,ultrafast,measures/in/original_03.mkv,0.3320,3920.98,2193.52
specialized,['WEIGHTB_YES'],weightbyes,ultrafast,measures/in/original_05.mkv,0.3095,2217.21,2301.87
specialized,['WEIGHTB_YES'],weightbyes,ultrafast,measures/in/original_02.mkv,0.2796,698.97,3381.69
specialized,['WEIGHTB_YES'],weightbyes,ultrafast,measures/in/original_06.mkv,0.1257,416.18,2493.56
specialized,['WEIGHTB_YES'],weightbyes,ultrafast,measures/in/original_08.mkv,0.3573,3016.81,1837.52
specialized,['WEIGHTB_NO'],weightbno,superfast,measures/in/original_01.mkv,0.4444,1882.26,559.87
specialized,['WEIGHTB_NO'],weightbno,superfast,measures/in/original_04.mkv,0.3708,577.76,1793.60
specialized,['WEIGHTB_NO'],weightbno,superfast,measures/in/original_07.mkv,0.4473,664.53,1642.64
specialized,['WEIGHTB_NO'],weightbno,superfast,measures/in/original_03.mkv,0.5498,2279.32,952.14
specialized,['WEIGHTB_NO'],weightbno,superfast,measures/in/original_05.mkv,0.5715,1452.48,1062.00
specialized,['WEIGHTB_NO'],weightbno,superfast,measures/in/original_02.mkv,0.4209,511.41,1728.37
specialized,['WEIGHTB_NO'],weightbno,superfast,measures/in/original_06.mkv,0.1432,140.00,1792.09
specialized,['WEIGHTB_NO'],weightbno,superfast,measures/in/original_08.mkv,0.6665,1825.88,853.55
specialized,['WEIGHTB_NO'],weightbno,veryfast,measures/in/original_01.mkv,0.7382,1185.49,322.25
specialized,['WEIGHTB_NO'],weightbno,veryfast,measures/in/original_04.mkv,0.4540,215.62,1426.72
specialized,['WEIGHTB_NO'],weightbno,veryfast,measures/in/original_07.mkv,0.6717,323.88,1034.47
specialized,['WEIGHTB_NO'],weightbno,veryfast,measures/in/original_03.mkv,1.0526,2410.79,500.72
specialized,['WEIGHTB_NO'],weightbno,veryfast,measures/in/original_05.mkv,1.0038,1178.82,562.35
specialized,['WEIGHTB_NO'],weightbno,veryfast,measures/in/original_02.mkv,0.6271,262.90,1116.47
specialized,['WEIGHTB_NO'],weightbno,veryfast,measures/in/original_06.mkv,0.1565,50.17,1554.46
specialized,['WEIGHTB_NO'],weightbno,veryfast,measures/in/original_08.mkv,1.0828,1613.72,504.24
specialized,['WEIGHTB_NO'],weightbno,faster,measures/in/original_01.mkv,0.9299,1195.93,249.81
specialized,['WEIGHTB_NO'],weightbno,faster,measures/in/original_04.mkv,0.6462,257.18,886.23
specialized,['WEIGHTB_NO'],weightbno,faster,measures/in/original_07.mkv,0.9822,357.80,690.61
specialized,['WEIGHTB_NO'],weightbno,faster,measures/in/original_03.mkv,1.5924,2465.54,315.92
specialized,['WEIGHTB_NO'],weightbno,faster,measures/in/original_05.mkv,1.3720,1221.03,391.11
specialized,['WEIGHTB_NO'],weightbno,faster,measures/in/original_02.mkv,0.9286,309.50,729.70
specialized,['WEIGHTB_NO'],weightbno,faster,measures/in/original_06.mkv,0.2077,71.18,1028.08
specialized,['WEIGHTB_NO'],weightbno,faster,measures/in/original_08.mkv,1.5302,1686.97,343.62
specialized,['WEIGHTB_NO'],weightbno,fast,measures/in/original_01.mkv,1.3795,1178.70,171.84
specialized,['WEIGHTB_NO'],weightbno,fast,measures/in/original_04.mkv,0.8457,285.09,664.70
specialized,['WEIGHTB_NO'],weightbno,fast,measures/in/original_07.mkv,1.3027,381.23,494.49
specialized,['WEIGHTB_NO'],weightbno,fast,measures/in/original_03.mkv,2.2588,2478.86,223.55
specialized,['WEIGHTB_NO'],weightbno,fast,measures/in/original_05.mkv,1.8037,1239.66,285.10
specialized,['WEIGHTB_NO'],weightbno,fast,measures/in/original_02.mkv,1.3270,347.19,496.32
specialized,['WEIGHTB_NO'],weightbno,fast,measures/in/original_06.mkv,0.2490,80.21,769.65
specialized,['WEIGHTB_NO'],weightbno,fast,measures/in/original_08.mkv,2.3627,1585.01,223.01
specialized,['WEIGHTB_NO'],weightbno,medium,measures/in/original_01.mkv,1.7011,1179.18,126.54
specialized,['WEIGHTB_NO'],weightbno,medium,measures/in/original_04.mkv,1.2083,292.54,457.86
specialized,['WEIGHTB_NO'],weightbno,medium,measures/in/original_07.mkv,1.6780,373.51,383.79
specialized,['WEIGHTB_NO'],weightbno,medium,measures/in/original_03.mkv,2.9466,2460.31,182.75
specialized,['WEIGHTB_NO'],weightbno,medium,measures/in/original_05.mkv,2.2301,1197.77,235.83
specialized,['WEIGHTB_NO'],weightbno,medium,measures/in/original_02.mkv,1.5103,318.83,428.66
specialized,['WEIGHTB_NO'],weightbno,medium,measures/in/original_06.mkv,0.2850,86.74,622.04
specialized,['WEIGHTB_NO'],weightbno,medium,measures/in/original_08.mkv,2.6916,1574.94,191.66
specialized,['WEIGHTB_NO'],weightbno,slow,measures/in/original_01.mkv,2.9229,1195.73,68.48
specialized,['WEIGHTB_NO'],weightbno,slow,measures/in/original_04.mkv,1.6453,294.94,326.60
specialized,['WEIGHTB_NO'],weightbno,slow,measures/in/original_07.mkv,2.2907,369.05,278.67
specialized,['WEIGHTB_NO'],weightbno,slow,measures/in/original_03.mkv,5.1836,2454.72,89.61
specialized,['WEIGHTB_NO'],weightbno,slow,measures/in/original_05.mkv,3.7969,1186.29,138.01
specialized,['WEIGHTB_NO'],weightbno,slow,measures/in/original_02.mkv,2.3304,302.13,272.71
specialized,['WEIGHTB_NO'],weightbno,slow,measures/in/original_06.mkv,0.4239,87.63,391.63
specialized,['WEIGHTB_NO'],weightbno,slow,measures/in/original_08.mkv,4.9934,1535.36,107.55
specialized,['WEIGHTB_NO'],weightbno,slower,measures/in/original_01.mkv,3.7189,577.72,56.67
specialized,['WEIGHTB_NO'],weightbno,slower,measures/in/original_04.mkv,2.6294,292.84,189.13
specialized,['WEIGHTB_NO'],weightbno,slower,measures/in/original_07.mkv,4.2099,364.79,162.92
specialized,['WEIGHTB_NO'],weightbno,slower,measures/in/original_03.mkv,9.8945,2445.12,48.81
specialized,['WEIGHTB_NO'],weightbno,slower,measures/in/original_05.mkv,6.0949,1170.67,82.91
specialized,['WEIGHTB_NO'],weightbno,slower,measures/in/original_02.mkv,3.5182,307.46,174.52
specialized,['WEIGHTB_NO'],weightbno,slower,measures/in/original_06.mkv,0.4990,81.69,297.24
specialized,['WEIGHTB_NO'],weightbno,slower,measures/in/original_08.mkv,8.8939,1564.86,58.46
specialized,['WEIGHTB_NO'],weightbno,veryslow,measures/in/original_01.mkv,7.4834,796.79,28.56
specialized,['WEIGHTB_NO'],weightbno,veryslow,measures/in/original_04.mkv,5.1623,275.76,107.35
specialized,['WEIGHTB_NO'],weightbno,veryslow,measures/in/original_07.mkv,8.4683,344.72,68.78
specialized,['WEIGHTB_NO'],weightbno,veryslow,measures/in/original_03.mkv,19.8642,2323.47,24.41
specialized,['WEIGHTB_NO'],weightbno,veryslow,measures/in/original_05.mkv,12.3783,1123.99,37.76
specialized,['WEIGHTB_NO'],weightbno,veryslow,measures/in/original_02.mkv,7.4810,274.33,78.74
specialized,['WEIGHTB_NO'],weightbno,veryslow,measures/in/original_06.mkv,0.9351,69.89,149.36
specialized,['WEIGHTB_NO'],weightbno,veryslow,measures/in/original_08.mkv,18.0452,1535.08,28.17
specialized,['WEIGHTB_NO'],weightbno,placebo,measures/in/original_01.mkv,20.6868,356.13,10.19
specialized,['WEIGHTB_NO'],weightbno,placebo,measures/in/original_04.mkv,20.8302,285.72,23.11
specialized,['WEIGHTB_NO'],weightbno,placebo,measures/in/original_07.mkv,38.5358,354.53,15.18
specialized,['WEIGHTB_NO'],weightbno,placebo,measures/in/original_03.mkv,59.4729,2326.55,8.15
specialized,['WEIGHTB_NO'],weightbno,placebo,measures/in/original_05.mkv,38.9064,1131.56,12.24
specialized,['WEIGHTB_NO'],weightbno,placebo,measures/in/original_02.mkv,22.5982,282.93,25.44
specialized,['WEIGHTB_NO'],weightbno,placebo,measures/in/original_06.mkv,2.9706,71.20,42.33
specialized,['WEIGHTB_NO'],weightbno,placebo,measures/in/original_08.mkv,73.4785,1485.87,6.76
specialized,"['CABAC_NO', 'MBTREE_NO', 'WEIGHTB_NO', 'PSY_NO', 'MIXED_REFS_YES']",faster,faster,measures/in/original_01.mkv,0.7013,1021.50,315.03
specialized,"['CABAC_NO', 'MBTREE_NO', 'WEIGHTB_NO', 'PSY_NO', 'MIXED_REFS_YES']",faster,faster,measures/in/original_04.mkv,0.5937,154.18,997.37
specialized,"['CABAC_NO', 'MBTREE_NO', 'WEIGHTB_NO', 'PSY_NO', 'MIXED_REFS_YES']",faster,faster,measures/in/original_07.mkv,0.9061,265.77,748.36
specialized,"['CABAC_NO', 'MBTREE_NO', 'WEIGHTB_NO', 'PSY_NO', 'MIXED_REFS_YES']",faster,faster,measures/in/original_03.mkv,1.5988,3063.35,321.39
specialized,"['CABAC_NO', 'MBTREE_NO', 'WEIGHTB_NO', 'PSY_NO', 'MIXED_REFS_YES']",faster,faster,measures/in/original_05.mkv,1.2874,1172.60,420.41
specialized,"['CABAC_NO', 'MBTREE_NO', 'WEIGHTB_NO', 'PSY_NO', 'MIXED_REFS_YES']",faster,faster,measures/in/original_02.mkv,0.7876,167.59,866.55
specialized,"['CABAC_NO', 'MBTREE_NO', 'WEIGHTB_NO', 'PSY_NO', 'MIXED_REFS_YES']",faster,faster,measures/in/original_06.mkv,0.1975,48.59,1070.23
specialized,"['CABAC_NO', 'MBTREE_NO', 'WEIGHTB_NO', 'PSY_NO', 'MIXED_REFS_YES']",faster,faster,measures/in/original_08.mkv,1.4205,1776.02,376.89
specialized,"['CABAC_NO', 'WEIGHTB_NO', 'PSY_NO', 'MIXED_REFS_YES', 'MBTREE_YES']",superfast,superfast,measures/in/original_01.mkv,0.4664,1882.26,562.77
specialized,"['CABAC_NO', 'WEIGHTB_NO', 'PSY_NO', 'MIXED_REFS_YES', 'MBTREE_YES']",superfast,superfast,measures/in/original_04.mkv,0.3778,577.76,1921.67
specialized,"['CABAC_NO', 'WEIGHTB_NO', 'PSY_NO', 'MIXED_REFS_YES', 'MBTREE_YES']",superfast,superfast,measures/in/original_07.mkv,0.4623,664.53,1581.24
specialized,"['CABAC_NO', 'WEIGHTB_NO', 'PSY_NO', 'MIXED_REFS_YES', 'MBTREE_YES']",superfast,superfast,measures/in/original_03.mkv,0.6823,2279.32,944.26
specialized,"['CABAC_NO', 'WEIGHTB_NO', 'PSY_NO', 'MIXED_REFS_YES', 'MBTREE_YES']",superfast,superfast,measures/in/original_05.mkv,0.5791,1452.48,1051.87
specialized,"['CABAC_NO', 'WEIGHTB_NO', 'PSY_NO', 'MIXED_REFS_YES', 'MBTREE_YES']",superfast,superfast,measures/in/original_02.mkv,0.4397,511.41,1805.79
specialized,"['CABAC_NO', 'WEIGHTB_NO', 'PSY_NO', 'MIXED_REFS_YES', 'MBTREE_YES']",superfast,superfast,measures/in/original_06.mkv,0.1525,140.00,1809.90
specialized,"['CABAC_NO', 'WEIGHTB_NO', 'PSY_NO', 'MIXED_REFS_YES', 'MBTREE_YES']",superfast,superfast,measures/in/original_08.mkv,0.6589,1825.88,856.87
specialized,"['MIXED_REFS_NO', 'CABAC_NO', 'MBTREE_NO', 'WEIGHTB_NO', 'PSY_NO']",placebo,placebo,measures/in/original_01.mkv,17.8714,297.72,11.39
specialized,"['MIXED_REFS_NO', 'CABAC_NO', 'MBTREE_NO', 'WEIGHTB_NO', 'PSY_NO']",placebo,placebo,measures/in/original_04.mkv,18.9286,143.31,26.50
specialized,"['MIXED_REFS_NO', 'CABAC_NO', 'MBTREE_NO', 'WEIGHTB_NO', 'PSY_NO']",placebo,placebo,measures/in/original_07.mkv,33.9788,271.24,17.10
specialized,"['MIXED_REFS_NO', 'CABAC_NO', 'MBTREE_NO', 'WEIGHTB_NO', 'PSY_NO']",placebo,placebo,measures/in/original_03.mkv,61.8258,2999.03,7.88
specialized,"['MIXED_REFS_NO', 'CABAC_NO', 'MBTREE_NO', 'WEIGHTB_NO', 'PSY_NO']",placebo,placebo,measures/in/original_05.mkv,39.6311,1114.86,12.89
specialized,"['MIXED_REFS_NO', 'CABAC_NO', 'MBTREE_NO', 'WEIGHTB_NO', 'PSY_NO']",placebo,placebo,measures/in/original_02.mkv,18.9206,163.64,30.70
specialized,"['MIXED_REFS_NO', 'CABAC_NO', 'MBTREE_NO', 'WEIGHTB_NO', 'PSY_NO']",placebo,placebo,measures/in/original_06.mkv,2.8628,48.46,38.52
specialized,"['MIXED_REFS_NO', 'CABAC_NO', 'MBTREE_NO', 'WEIGHTB_NO', 'PSY_NO']",placebo,placebo,measures/in/original_08.mkv,72.3148,1412.73,7.03
specialized,['PSY_NO'],psyno,ultrafast,measures/in/original_01.mkv,0.2525,1879.26,1271.44
specialized,['PSY_NO'],psyno,ultrafast,measures/in/original_04.mkv,0.2913,1113.00,2537.61
specialized,['PSY_NO'],psyno,ultrafast,measures/in/original_07.mkv,0.3273,1139.78,2542.14
specialized,['PSY_NO'],psyno,ultrafast,measures/in/original_03.mkv,0.3222,3920.98,2144.00
specialized,['PSY_NO'],psyno,ultrafast,measures/in/original_05.mkv,0.3127,2217.21,2324.58
specialized,['PSY_NO'],psyno,ultrafast,measures/in/original_02.mkv,0.2720,698.97,3048.49
specialized,['PSY_NO'],psyno,ultrafast,measures/in/original_06.mkv,0.1445,416.18,2138.16
specialized,['PSY_NO'],psyno,ultrafast,measures/in/original_08.mkv,0.3906,3016.81,1616.16
specialized,['PSY_NO'],psyno,superfast,measures/in/original_01.mkv,0.4218,1882.26,634.56
specialized,['PSY_NO'],psyno,superfast,measures/in/original_04.mkv,0.3555,577.76,1816.67
specialized,['PSY_NO'],psyno,superfast,measures/in/original_07.mkv,0.4646,664.53,1639.50
specialized,['PSY_NO'],psyno,superfast,measures/in/original_03.mkv,0.5780,2279.32,1027.87
specialized,['PSY_NO'],psyno,superfast,measures/in/original_05.mkv,0.5399,1452.48,1042.64
specialized,['PSY_NO'],psyno,superfast,measures/in/original_02.mkv,0.4293,511.41,1768.20
specialized,['PSY_NO'],psyno,superfast,measures/in/original_06.mkv,0.1481,140.00,1736.94
specialized,['PSY_NO'],psyno,superfast,measures/in/original_08.mkv,0.6685,1825.88,861.37
specialized,['PSY_NO'],psyno,veryfast,measures/in/original_01.mkv,0.7578,1185.49,317.95
specialized,['PSY_NO'],psyno,veryfast,measures/in/original_04.mkv,0.4555,215.62,1379.34
specialized,['PSY_NO'],psyno,veryfast,measures/in/original_07.mkv,0.6877,323.88,1009.78
specialized,['PSY_NO'],psyno,veryfast,measures/in/original_03.mkv,1.0844,2410.79,483.70
specialized,['PSY_NO'],psyno,veryfast,measures/in/original_05.mkv,1.0210,1178.82,540.58
specialized,['PSY_NO'],psyno,veryfast,measures/in/original_02.mkv,0.6384,262.90,1108.65
specialized,['PSY_NO'],psyno,veryfast,measures/in/original_06.mkv,0.1591,50.17,1546.47
specialized,['PSY_NO'],psyno,veryfast,measures/in/original_08.mkv,1.1249,1613.72,477.05
specialized,['PSY_NO'],psyno,faster,measures/in/original_01.mkv,1.0182,1195.93,239.01
specialized,['PSY_NO'],psyno,faster,measures/in/original_04.mkv,0.6721,257.18,868.89
specialized,['PSY_NO'],psyno,faster,measures/in/original_07.mkv,1.0087,357.80,670.53
specialized,['PSY_NO'],psyno,faster,measures/in/original_03.mkv,1.6296,2465.54,313.85
specialized,['PSY_NO'],psyno,faster,measures/in/original_05.mkv,1.3735,1221.03,393.59
specialized,['PSY_NO'],psyno,faster,measures/in/original_02.mkv,0.9211,309.50,736.77
specialized,['PSY_NO'],psyno,faster,measures/in/original_06.mkv,0.2032,71.18,1021.36
specialized,['PSY_NO'],psyno,faster,measures/in/original_08.mkv,1.5400,1686.97,345.20
specialized,['PSY_NO'],psyno,fast,measures/in/original_01.mkv,1.3626,1178.70,169.81
specialized,['PSY_NO'],psyno,fast,measures/in/original_04.mkv,0.9536,285.09,660.32
specialized,['PSY_NO'],psyno,fast,measures/in/original_07.mkv,1.3099,381.23,497.31
specialized,['PSY_NO'],psyno,fast,measures/in/original_03.mkv,2.2491,2478.86,225.99
specialized,['PSY_NO'],psyno,fast,measures/in/original_05.mkv,1.8491,1239.66,285.08
specialized,['PSY_NO'],psyno,fast,measures/in/original_02.mkv,1.2959,347.19,498.22
specialized,['PSY_NO'],psyno,fast,measures/in/original_06.mkv,0.2512,80.21,782.96
specialized,['PSY_NO'],psyno,fast,measures/in/original_08.mkv,2.3364,1585.01,225.58
specialized,['PSY_NO'],psyno,medium,measures/in/original_01.mkv,1.7389,1179.18,128.53
specialized,['PSY_NO'],psyno,medium,measures/in/original_04.mkv,1.1864,292.54,465.65
specialized,['PSY_NO'],psyno,medium,measures/in/original_07.mkv,1.6765,373.51,385.80
specialized,['PSY_NO'],psyno,medium,measures/in/original_03.mkv,2.9484,2460.31,169.33
specialized,['PSY_NO'],psyno,medium,measures/in/original_05.mkv,2.3708,1197.77,216.22
specialized,['PSY_NO'],psyno,medium,measures/in/original_02.mkv,1.7450,318.83,399.51
specialized,['PSY_NO'],psyno,medium,measures/in/original_06.mkv,0.3035,86.74,587.27
specialized,['PSY_NO'],psyno,medium,measures/in/original_08.mkv,2.8624,1574.94,182.48
specialized,['PSY_NO'],psyno,slow,measures/in/original_01.mkv,2.8801,1195.73,73.50
specialized,['PSY_NO'],psyno,slow,measures/in/original_04.mkv,1.6905,294.94,315.00
specialized,['PSY_NO'],psyno,slow,measures/in/original_07.mkv,2.2793,369.05,278.27
specialized,['PSY_NO'],psyno,slow,measures/in/original_03.mkv,5.1725,2454.72,93.00
specialized,['PSY_NO'],psyno,slow,measures/in/original_05.mkv,3.4592,1186.29,143.27
specialized,['PSY_NO'],psyno,slow,measures/in/original_02.mkv,2.2841,302.13,274.81
specialized,['PSY_NO'],psyno,slow,measures/in/original_06.mkv,0.4028,87.63,393.33
specialized,['PSY_NO'],psyno,slow,measures/in/original_08.mkv,4.7937,1535.36,109.15
specialized,['PSY_NO'],psyno,slower,measures/in/original_01.mkv,3.6740,577.72,52.09
specialized,['PSY_NO'],psyno,slower,measures/in/original_04.mkv,2.4319,292.84,208.76
specialized,['PSY_NO'],psyno,slower,measures/in/original_07.mkv,3.8691,364.79,149.24
specialized,['PSY_NO'],psyno,slower,measures/in/original_03.mkv,10.0243,2445.12,48.46
specialized,['PSY_NO'],psyno,slower,measures/in/original_05.mkv,6.1322,1170.67,81.26
specialized,['PSY_NO'],psyno,slower,measures/in/original_02.mkv,3.6304,307.46,162.00
specialized,['PSY_NO'],psyno,slower,measures/in/original_06.mkv,0.5207,81.69,292.58
specialized,['PSY_NO'],psyno,slower,measures/in/original_08.mkv,9.2104,1564.86,57.74
specialized,['PSY_NO'],psyno,veryslow,measures/in/original_01.mkv,7.1006,796.79,29.70
specialized,['PSY_NO'],psyno,veryslow,measures/in/original_04.mkv,4.8048,275.76,107.50
specialized,['PSY_NO'],psyno,veryslow,measures/in/original_07.mkv,9.0711,344.72,75.28
specialized,['PSY_NO'],psyno,veryslow,measures/in/original_03.mkv,22.0668,2323.47,24.19
specialized,['PSY_NO'],psyno,veryslow,measures/in/original_05.mkv,12.6778,1123.99,39.40
specialized,['PSY_NO'],psyno,veryslow,measures/in/original_02.mkv,7.4409,274.33,77.41
specialized,['PSY_NO'],psyno,veryslow,measures/in/original_06.mkv,0.9660,69.89,147.98
specialized,['PSY_NO'],psyno,veryslow,measures/in/original_08.mkv,18.3611,1535.08,29.54
specialized,['PSY_NO'],psyno,placebo,measures/in/original_01.mkv,20.4820,356.13,9.98
specialized,['PSY_NO'],psyno,placebo,measures/in/original_04.mkv,21.6855,285.72,23.97
specialized,['PSY_NO'],psyno,placebo,measures/in/original_07.mkv,38.1907,354.53,15.59
specialized,['PSY_NO'],psyno,placebo,measures/in/original_03.mkv,59.1957,2326.55,8.06
specialized,['PSY_NO'],psyno,placebo,measures/in/original_05.mkv,40.8588,1131.56,12.22
specialized,['PSY_NO'],psyno,placebo,measures/in/original_02.mkv,23.7468,282.93,25.51
specialized,['PSY_NO'],psyno,placebo,measures/in/original_06.mkv,3.0098,71.20,41.25
specialized,['PSY_NO'],psyno,placebo,measures/in/original_08.mkv,72.8246,1485.87,6.78
specialized,"['MIXED_REFS_NO', 'CABAC_NO', 'MBTREE_NO', 'WEIGHTB_NO', 'PSY_NO']",slower,slower,measures/in/original_01.mkv,2.9344,396.18,75.64
specialized,"['MIXED_REFS_NO', 'CABAC_NO', 'MBTREE_NO', 'WEIGHTB_NO', 'PSY_NO']",slower,slower,measures/in/original_04.mkv,2.1649,147.24,242.29
specialized,"['MIXED_REFS_NO', 'CABAC_NO', 'MBTREE_NO', 'WEIGHTB_NO', 'PSY_NO']",slower,slower,measures/in/original_07.mkv,3.4397,264.25,177.37
specialized,"['MIXED_REFS_NO', 'CABAC_NO', 'MBTREE_NO', 'WEIGHTB_NO', 'PSY_NO']",slower,slower,measures/in/original_03.mkv,10.9729,3014.67,43.36
specialized,"['MIXED_REFS_NO', 'CABAC_NO', 'MBTREE_NO', 'WEIGHTB_NO', 'PSY_NO']",slower,slower,measures/in/original_05.mkv,7.0817,1128.34,81.62
specialized,"['MIXED_REFS_NO', 'CABAC_NO', 'MBTREE_NO', 'WEIGHTB_NO', 'PSY_NO']",slower,slower,measures/in/original_02.mkv,2.7420,160.13,228.63
specialized,"['MIXED_REFS_NO', 'CABAC_NO', 'MBTREE_NO', 'WEIGHTB_NO', 'PSY_NO']",slower,slower,measures/in/original_06.mkv,0.4589,48.86,323.82
specialized,"['MIXED_REFS_NO', 'CABAC_NO', 'MBTREE_NO', 'WEIGHTB_NO', 'PSY_NO']",slower,slower,measures/in/original_08.mkv,8.5408,1571.40,60.36
specialized,"['MIXED_REFS_NO', 'CABAC_NO', 'MBTREE_NO', 'WEIGHTB_NO', 'PSY_NO']",fast,fast,measures/in/original_01.mkv,0.9180,1020.28,230.77
specialized,"['MIXED_REFS_NO', 'CABAC_NO', 'MBTREE_NO', 'WEIGHTB_NO', 'PSY_NO']",fast,fast,measures/in/original_04.mkv,0.6837,154.10,838.16
specialized,"['MIXED_REFS_NO', 'CABAC_NO', 'MBTREE_NO', 'WEIGHTB_NO', 'PSY_NO']",fast,fast,measures/in/original_07.mkv,1.1502,272.89,584.45
specialized,"['MIXED_REFS_NO', 'CABAC_NO', 'MBTREE_NO', 'WEIGHTB_NO', 'PSY_NO']",fast,fast,measures/in/original_03.mkv,2.1728,3067.71,233.07
specialized,"['MIXED_REFS_NO', 'CABAC_NO', 'MBTREE_NO', 'WEIGHTB_NO', 'PSY_NO']",fast,fast,measures/in/original_05.mkv,1.7174,1198.20,308.22
specialized,"['MIXED_REFS_NO', 'CABAC_NO', 'MBTREE_NO', 'WEIGHTB_NO', 'PSY_NO']",fast,fast,measures/in/original_02.mkv,0.9841,178.76,687.87
specialized,"['MIXED_REFS_NO', 'CABAC_NO', 'MBTREE_NO', 'WEIGHTB_NO', 'PSY_NO']",fast,fast,measures/in/original_06.mkv,0.2161,49.53,953.51
specialized,"['MIXED_REFS_NO', 'CABAC_NO', 'MBTREE_NO', 'WEIGHTB_NO', 'PSY_NO']",fast,fast,measures/in/original_08.mkv,2.0765,1583.74,256.27
